{
" ": {
	class: com.alegz.mermaid.PixelFontGlyph
	x: 103
	y: 73
	width: 4
	height: 0
	offset: 0
}
"!": {
	class: com.alegz.mermaid.PixelFontGlyph
	x: 1
	y: 1
	width: 4
	height: 8
	offset: 0
}
"\"": {
	class: com.alegz.mermaid.PixelFontGlyph
	x: 6
	y: 1
	width: 7
	height: 5
	offset: 3
}
"#": {
	class: com.alegz.mermaid.PixelFontGlyph
	x: 14
	y: 1
	width: 9
	height: 8
	offset: 0
}
"$": {
	class: com.alegz.mermaid.PixelFontGlyph
	x: 24
	y: 1
	width: 7
	height: 8
	offset: 0
}
"%": {
	class: com.alegz.mermaid.PixelFontGlyph
	x: 32
	y: 1
	width: 10
	height: 8
	offset: 0
}
"&": {
	class: com.alegz.mermaid.PixelFontGlyph
	x: 43
	y: 1
	width: 9
	height: 8
	offset: 0
}
"'": {
	class: com.alegz.mermaid.PixelFontGlyph
	x: 53
	y: 1
	width: 4
	height: 5
	offset: 3
}
"(": {
	class: com.alegz.mermaid.PixelFontGlyph
	x: 58
	y: 1
	width: 5
	height: 8
	offset: 0
}
")": {
	class: com.alegz.mermaid.PixelFontGlyph
	x: 64
	y: 1
	width: 5
	height: 8
	offset: 0
}
"*": {
	class: com.alegz.mermaid.PixelFontGlyph
	x: 70
	y: 1
	width: 6
	height: 7
	offset: 0
}
"+": {
	class: com.alegz.mermaid.PixelFontGlyph
	x: 77
	y: 1
	width: 8
	height: 8
	offset: 0
}
",": {
	class: com.alegz.mermaid.PixelFontGlyph
	x: 86
	y: 3
	width: 5
	height: 6
	offset: 0
}
"-": {
	class: com.alegz.mermaid.PixelFontGlyph
	x: 92
	y: 3
	width: 6
	height: 4
	offset: 2
}
".": {
	class: com.alegz.mermaid.PixelFontGlyph
	x: 99
	y: 4
	width: 4
	height: 5
	offset: -1
}
"/": {
	class: com.alegz.mermaid.PixelFontGlyph
	x: 104
	y: 1
	width: 6
	height: 8
	offset: 0
}
"0": {
	class: com.alegz.mermaid.PixelFontGlyph
	x: 1
	y: 10
	width: 7
	height: 8
	offset: 0
}
"1": {
	class: com.alegz.mermaid.PixelFontGlyph
	x: 9
	y: 10
	width: 4
	height: 8
	offset: 0
}
"2": {
	class: com.alegz.mermaid.PixelFontGlyph
	x: 14
	y: 10
	width: 7
	height: 8
	offset: 0
}
"3": {
	class: com.alegz.mermaid.PixelFontGlyph
	x: 22
	y: 10
	width: 7
	height: 8
	offset: 0
}
"4": {
	class: com.alegz.mermaid.PixelFontGlyph
	x: 30
	y: 10
	width: 7
	height: 8
	offset: 0
}
"5": {
	class: com.alegz.mermaid.PixelFontGlyph
	x: 38
	y: 10
	width: 7
	height: 8
	offset: 0
}
"6": {
	class: com.alegz.mermaid.PixelFontGlyph
	x: 46
	y: 10
	width: 7
	height: 8
	offset: 0
}
"7": {
	class: com.alegz.mermaid.PixelFontGlyph
	x: 54
	y: 10
	width: 7
	height: 8
	offset: 0
}
"8": {
	class: com.alegz.mermaid.PixelFontGlyph
	x: 62
	y: 10
	width: 7
	height: 8
	offset: 0
}
"9": {
	class: com.alegz.mermaid.PixelFontGlyph
	x: 70
	y: 10
	width: 7
	height: 8
	offset: 0
}
":": {
	class: com.alegz.mermaid.PixelFontGlyph
	x: 1
	y: 19
	width: 4
	height: 8
	offset: 0
}
";": {
	class: com.alegz.mermaid.PixelFontGlyph
	x: 6
	y: 19
	width: 4
	height: 8
	offset: 0
}
"<": {
	class: com.alegz.mermaid.PixelFontGlyph
	x: 11
	y: 19
	width: 6
	height: 8
	offset: 0
}
"=": {
	class: com.alegz.mermaid.PixelFontGlyph
	x: 18
	y: 20
	width: 6
	height: 6
	offset: 1
}
">": {
	class: com.alegz.mermaid.PixelFontGlyph
	x: 25
	y: 19
	width: 6
	height: 8
	offset: 0
}
"?": {
	class: com.alegz.mermaid.PixelFontGlyph
	x: 32
	y: 19
	width: 8
	height: 8
	offset: 0
}
"@": {
	class: com.alegz.mermaid.PixelFontGlyph
	x: 41
	y: 19
	width: 8
	height: 8
	offset: 0
}
"A": {
	class: com.alegz.mermaid.PixelFontGlyph
	x: 1
	y: 28
	width: 7
	height: 8
	offset: 0
}
"B": {
	class: com.alegz.mermaid.PixelFontGlyph
	x: 9
	y: 28
	width: 7
	height: 8
	offset: 0
}
"C": {
	class: com.alegz.mermaid.PixelFontGlyph
	x: 17
	y: 28
	width: 7
	height: 8
	offset: 0
}
"D": {
	class: com.alegz.mermaid.PixelFontGlyph
	x: 25
	y: 28
	width: 7
	height: 8
	offset: 0
}
"E": {
	class: com.alegz.mermaid.PixelFontGlyph
	x: 33
	y: 28
	width: 7
	height: 8
	offset: 0
}
"F": {
	class: com.alegz.mermaid.PixelFontGlyph
	x: 41
	y: 28
	width: 7
	height: 8
	offset: 0
}
"G": {
	class: com.alegz.mermaid.PixelFontGlyph
	x: 49
	y: 28
	width: 7
	height: 8
	offset: 0
}
"H": {
	class: com.alegz.mermaid.PixelFontGlyph
	x: 57
	y: 28
	width: 7
	height: 8
	offset: 0
}
"I": {
	class: com.alegz.mermaid.PixelFontGlyph
	x: 65
	y: 28
	width: 4
	height: 8
	offset: 0
}
"J": {
	class: com.alegz.mermaid.PixelFontGlyph
	x: 70
	y: 28
	width: 7
	height: 8
	offset: 0
}
"K": {
	class: com.alegz.mermaid.PixelFontGlyph
	x: 78
	y: 28
	width: 7
	height: 8
	offset: 0
}
"L": {
	class: com.alegz.mermaid.PixelFontGlyph
	x: 86
	y: 28
	width: 7
	height: 8
	offset: 0
}
"M": {
	class: com.alegz.mermaid.PixelFontGlyph
	x: 94
	y: 28
	width: 9
	height: 8
	offset: 0
}
"N": {
	class: com.alegz.mermaid.PixelFontGlyph
	x: 1
	y: 37
	width: 8
	height: 8
	offset: 0
}
"O": {
	class: com.alegz.mermaid.PixelFontGlyph
	x: 10
	y: 37
	width: 7
	height: 8
	offset: 0
}
"P": {
	class: com.alegz.mermaid.PixelFontGlyph
	x: 18
	y: 37
	width: 7
	height: 8
	offset: 0
}
"Q": {
	class: com.alegz.mermaid.PixelFontGlyph
	x: 26
	y: 37
	width: 8
	height: 8
	offset: 0
}
"R": {
	class: com.alegz.mermaid.PixelFontGlyph
	x: 35
	y: 37
	width: 7
	height: 8
	offset: 0
}
"S": {
	class: com.alegz.mermaid.PixelFontGlyph
	x: 43
	y: 37
	width: 7
	height: 8
	offset: 0
}
"T": {
	class: com.alegz.mermaid.PixelFontGlyph
	x: 51
	y: 37
	width: 8
	height: 8
	offset: 0
}
"U": {
	class: com.alegz.mermaid.PixelFontGlyph
	x: 60
	y: 37
	width: 7
	height: 8
	offset: 0
}
"V": {
	class: com.alegz.mermaid.PixelFontGlyph
	x: 68
	y: 37
	width: 7
	height: 8
	offset: 0
}
"W": {
	class: com.alegz.mermaid.PixelFontGlyph
	x: 76
	y: 37
	width: 9
	height: 8
	offset: 0
}
"X": {
	class: com.alegz.mermaid.PixelFontGlyph
	x: 86
	y: 37
	width: 7
	height: 8
	offset: 0
}
"Y": {
	class: com.alegz.mermaid.PixelFontGlyph
	x: 94
	y: 37
	width: 8
	height: 8
	offset: 0
}
"Z": {
	class: com.alegz.mermaid.PixelFontGlyph
	x: 103
	y: 37
	width: 7
	height: 8
	offset: 0
}
"[": {
	class: com.alegz.mermaid.PixelFontGlyph
	x: 1
	y: 46
	width: 5
	height: 8
	offset: 0
}
"\\": {
	class: com.alegz.mermaid.PixelFontGlyph
	x: 7
	y: 46
	width: 6
	height: 8
	offset: 0
}
"]": {
	class: com.alegz.mermaid.PixelFontGlyph
	x: 14
	y: 46
	width: 5
	height: 8
	offset: 0
}
"^": {
	class: com.alegz.mermaid.PixelFontGlyph
	x: 20
	y: 46
	width: 8
	height: 6
	offset: 2
}
"_": {
	class: com.alegz.mermaid.PixelFontGlyph
	x: 29
	y: 50
	width: 6
	height: 4
	offset: 0
}
"`": {
	class: com.alegz.mermaid.PixelFontGlyph
	x: 36
	y: 46
	width: 5
	height: 6
	offset: 2
}
"a": {
	class: com.alegz.mermaid.PixelFontGlyph
	x: 1
	y: 58
	width: 7
	height: 7
	offset: 0
}
"b": {
	class: com.alegz.mermaid.PixelFontGlyph
	x: 9
	y: 57
	width: 7
	height: 8
	offset: 0
}
"c": {
	class: com.alegz.mermaid.PixelFontGlyph
	x: 17
	y: 58
	width: 6
	height: 7
	offset: 0
}
"d": {
	class: com.alegz.mermaid.PixelFontGlyph
	x: 24
	y: 57
	width: 7
	height: 8
	offset: 0
}
"e": {
	class: com.alegz.mermaid.PixelFontGlyph
	x: 32
	y: 58
	width: 7
	height: 7
	offset: 0
}
"f": {
	class: com.alegz.mermaid.PixelFontGlyph
	x: 40
	y: 57
	width: 6
	height: 8
	offset: 0
}
"g": {
	class: com.alegz.mermaid.PixelFontGlyph
	x: 47
	y: 58
	width: 7
	height: 8
	offset: -1
}
"h": {
	class: com.alegz.mermaid.PixelFontGlyph
	x: 55
	y: 57
	width: 7
	height: 8
	offset: 0
}
"i": {
	class: com.alegz.mermaid.PixelFontGlyph
	x: 63
	y: 57
	width: 5
	height: 8
	offset: 0
}
"j": {
	class: com.alegz.mermaid.PixelFontGlyph
	x: 69
	y: 57
	width: 6
	height: 9
	offset: -1
}
"k": {
	class: com.alegz.mermaid.PixelFontGlyph
	x: 76
	y: 57
	width: 7
	height: 8
	offset: 0
}
"l": {
	class: com.alegz.mermaid.PixelFontGlyph
	x: 84
	y: 57
	width: 5
	height: 8
	offset: 0
}
"m": {
	class: com.alegz.mermaid.PixelFontGlyph
	x: 90
	y: 58
	width: 9
	height: 7
	offset: 0
}
"n": {
	class: com.alegz.mermaid.PixelFontGlyph
	x: 100
	y: 58
	width: 7
	height: 7
	offset: 0
}
"o": {
	class: com.alegz.mermaid.PixelFontGlyph
	x: 1
	y: 67
	width: 7
	height: 7
	offset: 0
}
"p": {
	class: com.alegz.mermaid.PixelFontGlyph
	x: 9
	y: 67
	width: 7
	height: 8
	offset: -1
}
"q": {
	class: com.alegz.mermaid.PixelFontGlyph
	x: 17
	y: 67
	width: 7
	height: 8
	offset: -1
}
"r": {
	class: com.alegz.mermaid.PixelFontGlyph
	x: 25
	y: 67
	width: 7
	height: 7
	offset: 0
}
"s": {
	class: com.alegz.mermaid.PixelFontGlyph
	x: 33
	y: 67
	width: 7
	height: 7
	offset: 0
}
"t": {
	class: com.alegz.mermaid.PixelFontGlyph
	x: 41
	y: 66
	width: 6
	height: 8
	offset: 0
}
"u": {
	class: com.alegz.mermaid.PixelFontGlyph
	x: 48
	y: 67
	width: 7
	height: 7
	offset: 0
}
"v": {
	class: com.alegz.mermaid.PixelFontGlyph
	x: 56
	y: 67
	width: 7
	height: 7
	offset: 0
}
"w": {
	class: com.alegz.mermaid.PixelFontGlyph
	x: 64
	y: 67
	width: 9
	height: 7
	offset: 0
}
"x": {
	class: com.alegz.mermaid.PixelFontGlyph
	x: 74
	y: 67
	width: 7
	height: 7
	offset: 0
}
"y": {
	class: com.alegz.mermaid.PixelFontGlyph
	x: 82
	y: 67
	width: 7
	height: 8
	offset: -1
}
"z": {
	class: com.alegz.mermaid.PixelFontGlyph
	x: 90
	y: 67
	width: 7
	height: 7
	offset: 0
}
"{": {
	class: com.alegz.mermaid.PixelFontGlyph
	x: 42
	y: 46
	width: 5
	height: 8
	offset: 0
}
"|": {
	class: com.alegz.mermaid.PixelFontGlyph
	x: 48
	y: 46
	width: 4
	height: 8
	offset: 0
}
"}": {
	class: com.alegz.mermaid.PixelFontGlyph
	x: 53
	y: 46
	width: 5
	height: 8
	offset: 0
}
"~": {
	class: com.alegz.mermaid.PixelFontGlyph
	x: 59
	y: 46
	width: 9
	height: 5
	offset: 3
}
}